cue8y0b,-0.10
cuec5fs,-0.05
cuect48,0.03
cuedf8c,0.02
cuedywn,0.02
czb942p,0.14
czbbocu,0.01
czbdh6q,-0.09
czbe470,0.02
czbe8el,-0.03
cue8uxd,-0.02
cue8wyc,0.00
cue90z4,-0.05
cue98iw,0.00
cue9irr,0.00
cue9m9a,0.00
cue9wmd,-0.03
cueiwqd,-0.02
cuek32r,0.00
cuevw78,0.02
cuo66zx,0.03
cuogtpr,-0.02
cuotw43,0.03
cusclcs,-0.16
cusj6ns,-0.00
cuspq0i,-0.07
cut9kie,0.12
cuo3eb6,-0.07
cuo3kkm,0.03
cuo4ugo,-0.00
cuo4x5d,0.00
cuo5t28,0.03
cuo638o,-0.07
cuo69h1,-0.02
cur1eqa,0.01
cur1il4,-0.02
cur3d3l,-0.13
cur3nz9,0.03
cur42ii,-0.04
cur4f7p,-0.02
cur4ini,-0.03
cur4lil,-0.03
cur2a1n,0.01
cur2pdk,-0.03
cur2uqp,0.06
cur2x14,-0.12
cur3391,-0.05
cur3aim,-0.18
cur3eto,0.00
cur3iwk,-0.01
curx4x8,-0.16
curxl5k,-0.02
cury77x,-0.09
cus3z80,-0.05
cus509b,-0.08
cushy1h,-0.01
curxnne,0.03
cus0pql,0.00
cus13q0,-0.09
cus1tga,-0.01
cus2a0i,0.00
cus2bsk,0.04
cuse3hn,-0.02
cusexmp,-0.09
cusqajo,-0.04
cut1vbn,0.04
cusdzdt,0.04
cusf0m2,0.15
cusf3wd,-0.17
cusk3j5,-0.09
cusnkz6,-0.13
cusqyxz,-0.16
cusrj9i,0.10
custbhe,0.02
cutww69,-0.15
cuu1cxa,0.05
cuuaxt4,-0.16
cuspbw5,-0.16
cuspqxp,0.05
cusqlh7,-0.02
cusr0k5,0.01
cuss1h1,-0.04
cussn5y,0.01
cusrauk,-0.04
cusrm3x,0.01
cuss32h,0.00
cusqwhz,0.00
cusr6q9,0.05
cuteyi2,-0.04
cutf9lt,-0.05
cutgy9o,-0.05
cutmiqb,-0.00
cutmwhv,-0.00
cutwgz7,-0.01
cutx0e5,0.01
cutx8hp,-0.05
cutxeo9,-0.02
cutzm7u,-0.00
cutzzt2,0.01
cutfbcs,0.00
cutflf9,0.05
cutfs6s,0.11
cutg464,-0.04
cutiuvq,-0.04
cutldfp,0.06
cutn1a1,0.04
cutofjq,0.00
cutr9mx,0.05
cuts49t,-0.05
cutuj90,-0.03
cutv9o7,-0.04
cutw122,0.02
cutwhnp,0.01
cutp5b7,-0.01
cutqwxt,0.09
cutrbau,0.02
cutrx58,-0.08
cutskk0,0.13
cuxs58y,-0.06
cuxs6u3,0.07
cuy2l9y,0.05
cuxyheg,-0.16
cuxzrqg,-0.01
cuy1lbg,0.02
cuytxj2,-0.03
cuyzu3i,-0.04
cuz6ywh,-0.03
cuyu02g,0.04
cuyu81b,-0.04
cuyuhis,0.06
cuz2i4r,-0.02
cuz4nv8,-0.01
cuz5db5,-0.04
cuz5mvd,0.03
cuz35v2,0.02
cuz3qj5,-0.03
cuz4pny,-0.12
cuz5tp6,0.01
cuz77tg,0.02
cuz7g5i,-0.02
cuz2tez,-0.06
cuz30ch,0.10
cuz36jt,0.02
cuz3kyd,-0.15
cuz29jc,-0.01
cuz2xft,-0.05
cuz7hkb,0.01
cuz7nri,0.03
cuz7vcp,-0.06
cuz8230,-0.07
cv2pmya,-0.21
cv2r6nq,-0.11
cv2dh13,-0.01
cv2dseb,-0.06
cv66398,0.02
cv66ejy,-0.05
cv66k1g,0.00
cv68h0p,-0.08
cv68knd,-0.04
cv68s2q,0.03
cv694vi,0.01
cv6a8dj,0.06
cv6ad4b,0.04
cv6aewg,-0.12
cv6ahpr,0.02
cv66rc9,0.02
cv6ed9t,-0.01
cv6gdio,0.02
cv6n33r,-0.03
cv6v5az,-0.02
cv6w2dr,0.04
cv663s2,0.00
cv66o5d,0.05
cv6pkui,-0.06
cv73krn,0.05
cv7cdnp,0.03
cv7cnr6,-0.09
cv7h1fz,0.02
cv7ovmy,-0.02
cv7xjwc,0.01
cv7xy5u,-0.05
cv66j5p,-0.07
cv6fc8x,0.07
cv6g27q,-0.02
cv6ggq9,0.01
cv6hbcy,-0.05
cv6hffq,0.00
cv7xrgi,-0.09
cv82i34,-0.08
cv83k5m,-0.01
cv7vfxu,0.04
cv7vmy2,-0.06
cv7wczd,0.06
cv9urvi,-0.00
cva5snk,-0.04
cva6lg7,0.02
cva78ws,-0.04
cva7shv,-0.08
cva8icv,0.02
cva8mkc,-0.00
cva8qs6,-0.04
cva99mv,0.13
cva9wd9,-0.04
cvaajn9,0.03
cvaaz58,-0.01
cvab8om,-0.04
cvabp5s,-0.08
cv84z66,-0.02
cv8a9xe,-0.00
cv8as8t,0.01
cv8b054,0.12
cv8bnsy,-0.05
cv8cfic,-0.10
cv8cunm,-0.05
cv8irqg,-0.11
cv8ixzm,0.01
cv8jly3,-0.10
cv8jr5u,-0.02
cv8k5po,0.04
cv8j8wz,-0.02
cv8jw35,0.02
cv8jzro,0.02
cv8k3aj,0.04
cv8k5v3,-0.10
cv9xp3b,0.02
cv9xqp0,-0.04
cv9yls4,0.02
cv9xnz9,0.02
cv9y4j6,0.06
cvbc5ca,0.00
cvbc9qy,0.02
cvbcn45,-0.02
cvbdf0s,-0.06
cvaehyx,0.00
cvaerhz,-0.06
cvafbfb,0.02
cvag112,0.03
cvb45ky,0.01
cvb4ed6,0.03
cvbgtpf,-0.06
cvbk7b1,-0.06
cvbb9h6,-0.17
cvbkyog,-0.00
cvbqxz0,-0.03
cvbrj5e,0.01
cvbaepr,-0.03
cvbk8y6,-0.10
cvbldia,0.01
cvbm1go,-0.00
cvbm83a,0.00
cvbmgbc,-0.02
cvbncr5,0.04
cvbo606,-0.00
cvbor7i,-0.14
cvbqcc2,-0.02
cvbqhfo,-0.08
cvbjg97,-0.09
cvblhcc,-0.02
cvblmwq,0.01
cvbm2sn,-0.01
cvbmeam,0.01
cvbndw6,-0.00
cvbp7d9,0.02
cvbpl8y,-0.11
cvbps3k,-0.01
cvbq938,-0.17
cvbrabs,-0.05
cvbfxme,-0.00
cvbjfym,-0.02
cvbl90r,0.01
cvbmas1,-0.01
cvbnh3b,-0.09
cvbpanl,-0.05
cvbpex5,-0.05
cvbaasp,0.03
cvbagvg,0.03
cvcw636,-0.09
cvd2wzb,0.01
cvd30sg,-0.02
cvcuk9m,0.04
cvcvdcg,-0.01
cvcvrnk,0.01
cvdvshm,-0.01
cve61im,0.00
cve8j73,0.01
cvejwyy,-0.08
cvek20i,-0.00
cvdvf93,0.00
cvdvhht,0.00
cvdvo68,0.00
cvdw0i8,-0.00
cvdwq68,-0.01
cvfwip4,-0.04
cvg21an,0.01
cvg305q,-0.03
cvg39gy,0.04
cvg3j44,-0.02
cvg4b98,-0.03
cvg4n1p,0.02
cvg5dfq,0.00
cvg70qe,0.00
cvg7mu7,0.00
cvg7v6w,-0.06
cvg8306,-0.09
cvfy5sk,-0.08
cvg34cx,0.16
cvgb3jy,-0.00
cvgcoil,-0.05
cvgd02k,0.05
cvgep5z,-0.00
cvgeuqc,-0.05
cvggec0,0.01
cvggpei,-0.04
cvghp06,-0.03
cvgi119,-0.06
cvhjzl1,-0.10
cvfs3mf,0.04
cvfs91u,0.01
cvfsawj,-0.00
cvfsuqi,0.07
cvfswle,0.05
cvftbqq,0.03
cvftci0,0.02
cvftzjg,0.01
cvfu5ar,-0.13
cvfyut4,-0.00
cvfvv3l,-0.08
cvg7evk,-0.00
cvguuvc,-0.00
cvkjlr9,-0.02
cvkjund,-0.05
cvkku91,0.02
cvklj9w,-0.05
cvkln8y,0.05
cvkm0d3,0.01
cvkmdd1,-0.00
cvfxri4,-0.11
cvfxxjo,0.03
cvgbcvn,0.03
cvgz60w,-0.11
cvfxogj,-0.05
cvfxr4f,-0.02
cvfxz4i,-0.00
cvgzx77,-0.16
cvh31qo,0.03
cvh3hqw,0.01
cvh4it6,0.01
cvh5gdb,-0.05
cvhah6u,-0.04
cvhbd1x,-0.08
cvgwswc,0.04
cvgx5lk,0.04
cvgzpf5,0.01
cvh177r,-0.05
cvh1nuy,0.04
cvh1smi,-0.01
cvh2a2z,-0.04
cvhtrid,-0.03
cvhvdkf,0.03
cvhvwrj,-0.07
cvhz6m2,0.00
cvi62z6,-0.04
cvi6oxl,0.02
cvi6u3q,-0.06
cvi720j,-0.01
cvhyxpl,-0.05
cvi07dh,0.01
cvi18om,-0.07
cvi3247,-0.02
cvi49og,-0.00
cvi4ov0,-0.06
cvi5u0g,-0.05
cvi63y6,-0.00
cvj7rqc,0.00
cvjgc2d,-0.07
cvjgqoc,-0.03
cvj801d,-0.07
cvjgh6m,0.03
cvjglzi,-0.06
cvjc70m,0.03
cvjfwjk,0.04
cvjg4ec,0.01
cvjg8za,0.02
cvjger1,-0.05
cvjgt3i,-0.07
cvjguz4,0.02
cvjgwbf,-0.06
cvjc7hm,0.04
cvjiazz,0.00
cvjmoea,-0.08
cvjw5hf,-0.02
cvkduc6,0.04
cvq61w9,-0.02
cvq68ui,-0.02
cvmtcn3,-0.01
cvmteci,0.00
cvmtljx,0.00
cvmudt4,0.00
cvmuv6r,-0.05
cvmwyn0,-0.04
cvmzolv,0.02
cvn3co7,-0.01
cvmzfse,-0.01
cvn1a7u,-0.02
cvn2lgj,-0.04
cvn2riw,-0.04
cvn33mp,-0.04
cvn3jre,-0.10
cvn4kex,-0.11
cvn83na,0.04
cvp1p2c,-0.04
cvp24ja,-0.03
cvp7vu4,-0.09
cvp8wwy,-0.17
cvpde6x,-0.12
cvpeta3,-0.00
cvoxeb3,0.00
cvoymj1,0.01
cvp8cg8,0.02
cvpchxv,0.00
cvpcpft,0.00
cvpd7kz,-0.08
cvpkgf6,0.04
cvozz5a,-0.16
cvp6jpk,0.00
cvp8daf,-0.13
cvp9kf9,-0.00
cvpb8ed,-0.04
cvq1di6,0.00
cvq6fjk,0.02
cvqcfc2,-0.05
cvqrbz3,-0.02
cvqrqph,0.00
cvq21yg,-0.03
cvq3jw4,-0.01
cvq4da5,-0.09
cvq51e5,-0.08
cvq5tj1,-0.09
cvs7wrg,0.03
cvskpl3,0.02
cvsr5ja,-0.08
cvqkbm8,-0.07
cvqkkuj,-0.03
cvqv51x,-0.02
cvs8g5o,-0.05
cvs8jbo,0.04
cvs8q1x,-0.00
cvs8tnr,0.03
cvslerb,-0.05
cvs8b9h,-0.07
cvs8he2,-0.01
cvs8see,-0.04
cvs8u7j,-0.04
cvs8v9r,0.03
cvsatg8,0.05
cvsazs0,0.02
cvsbgll,-0.09
cvsg8gb,-0.02
cvsjbpm,-0.11
cvslf01,0.02
cvsmtil,0.02
cvsfr63,-0.07
cvsiu8f,0.06
cvsts0i,-0.11
cvsvugb,-0.04
cvsw6oo,-0.03
cvsy8bc,-0.00
cvsyuke,-0.14
cvsyy7e,-0.05
cvszhsd,0.01
cvs7z3i,-0.11
cvs8ccg,-0.07
cvs8f7s,-0.05
cvs8m4c,0.04
cvs8p1f,0.06
cvs8vx1,0.00
cvs89j2,-0.11
cvs8gxo,-0.11
cvs8kq0,0.00
cvs8nwy,0.01
cvs8prn,-0.05
cvs8ryu,-0.02
cvs8z7s,-0.07
cvs92ym,-0.11
cvstt70,-0.04
cvsvr2g,0.03
cvsvwuy,-0.03
cvsxaph,-0.08
cvs8cij,-0.15
cvs8kx7,0.05
cvthcdh,-0.12
cvtt1px,0.00
cvttalx,-0.02
cvtu0xx,0.06
cvtve8r,-0.02
cvtvtte,-0.00
cvtwhej,-0.04
cvtxfq7,-0.03
cvtyq4k,0.01
cvtzrhj,-0.05
cvu0gbm,-0.04
cvtjlr3,-0.01
cvtmqq9,0.00
cvtnddy,-0.00
cvto64m,-0.04
cvtpsf1,0.00
cvtq1nz,0.01
cvtqchd,0.00
cvtqgaa,-0.01
cvtqpgk,0.06
cvtqtc3,-0.05
cvtqx7g,-0.02
cvtyn5z,-0.04
cvu008n,0.10
cvu0b07,0.03
cvu0ixx,-0.05
cvu0wsb,0.00
cvu176g,0.02
cvu1nq7,-0.12
cvu2kfx,-0.04
cvu9h3q,-0.09
cvubi02,0.02
cvu0dcx,-0.05
cvu3dxj,0.05
cvu5fwt,-0.03
cvu5q1d,-0.10
cvugw2u,-0.06
cvu7eko,-0.00
cvu9rpz,0.05
cvuaxub,-0.07
cvuc6m1,0.00
cvucfhw,-0.04
cvue15e,0.03
cvues9z,-0.02
cvuh56v,-0.06
cvui3lq,0.02
cvuit3d,0.05
cvuizas,-0.17
cvuuheg,-0.20
cvuuro6,0.01
cvtys2s,-0.11
cvu06qp,-0.07
cvu0ifz,-0.05
cvu1bto,-0.00
cvu28pz,-0.02
cvu32bx,0.01
cvu3b5f,-0.01
cvu3euy,-0.02
cvu3kzw,0.02
cvu3q5s,-0.16
cvtw1qv,-0.10
cvtxera,-0.00
cvtxin5,-0.06
cvtxyhs,-0.02
cvty03c,0.04
cvtutr9,-0.11
cvu0pb9,-0.04
cvu2w2t,-0.04
cvu5u91,-0.06
cvu71w9,-0.02
cvu7ywg,0.01
cvu8b9v,0.05
cvu8ibp,0.02
cvua26q,0.00
cvuagqz,-0.07
cvubb1k,0.00
cvud68c,-0.07
cvv1xno,0.00
cvw7si5,-0.06
cvw9cmc,-0.00
cvwa9dr,-0.06
cvwcbr5,0.05
cvwdnbq,0.01
cvwdt8j,0.02
cvwek54,0.02
cvwf54p,0.15
cvwhfl6,-0.03
cvwhm4k,0.03
cvwim6x,-0.05
cvwjnc2,0.02
cvw8duz,0.03
cvwbh85,-0.08
cvwcn5t,0.02
cvwifoi,-0.04
cvwj2vp,0.05
cvwjydw,-0.04
cvwkbgh,0.05
cvwkdwk,-0.02
cvwrfei,-0.01
cvx4so9,0.00
cvycdhd,0.01
cvyf8j7,-0.00
cvyk9md,0.01
cvym295,-0.09
cvyrcoy,-0.02
cvz8a10,-0.08
cvzb5st,-0.03
cvzkrmm,-0.09
cw0fjzv,0.00
cw0rho9,-0.02
cw0xsq1,-0.03
cvyc6bd,0.00
cvycb76,0.06
cvycfjf,-0.03
cvyi3v3,-0.05
cvyi95u,0.02
cvyicaw,0.02
cvyj4ia,0.00
cvylndb,0.02
cvym2at,-0.07
cvymtek,0.02
cvymxnt,0.02
cvyg7ju,-0.15
cvygr52,-0.14
cvyh4lz,-0.07
cvyh90g,-0.11
cvyhtzt,-0.04
cvyid10,-0.00
cvzvgku,0.02
cvzvsnx,-0.11
cvzyk1u,0.01
cw0adwq,0.00
cvzut8p,-0.05
cvzuy8y,-0.01
cw09zm8,0.03
cw0a0lx,-0.00
cw0w1ug,0.00
cw0wccd,-0.04
cw0x1zi,-0.02
cw0zm5j,-0.02
cw10j65,-0.00
cw10sm5,-0.04
cw12xfq,-0.04
cw13obb,0.02
cw1452f,0.04
cw170ld,0.02
cw3900i,0.01
cw39qos,0.02
cw3a0r7,0.02
cw3ammc,0.04
cw3atbs,0.04
cw3b9ky,-0.05
cw3bfqx,-0.04
cw3bupr,-0.00
cw3877y,-0.09
cw38vf8,0.09
cw393cp,0.01
cw396x5,-0.00
cw3ac4o,-0.03
cw3d1wm,-0.05
cw3dcmy,-0.03
cw3de9a,0.00
cw4603v,0.01
cw48sj6,0.02
cw490cl,-0.16
cw49cm4,-0.05
cw46cfz,-0.03
cw4x65x,0.05
cw4x7zb,0.02
cw4xc5h,-0.02
cw4xero,-0.03
cw50tk0,-0.15
cw52dnn,-0.07
cw53x1v,0.02
cw54iof,-0.13
cw5ilg6,-0.07
cw5kbpw,-0.05
cw65we1,0.04
cw52569,-0.07
cw553dl,-0.11
cw55a9f,0.00
cw55urd,-0.04
cw56fm1,0.00
cw56lpb,-0.02
cw576tg,0.00
cw51v8c,0.00
cw51xgd,0.03
cw52g2a,-0.13
cw52vk3,-0.15
cw53387,-0.11
cw53c0x,-0.11
cw56uup,0.03
cw57tgv,-0.00
cw52841,-0.02
cw5339t,-0.02
cw53ejz,-0.01
cw53vr1,-0.05
cw546tk,-0.21
cw54kmv,-0.04
cw54yh4,0.01
cw567aw,-0.10
cw66tiy,-0.19
cw6mvks,-0.09
cw65qlt,-0.06
cw66p5a,-0.05
cw6i0zx,-0.06
cw6i4w0,0.03
cw6j6tl,0.01
cw6pw69,-0.04
cw6qeh4,-0.02
cw6lbyn,0.05
cw6p7sz,-0.04
cw6s9nc,-0.11
cw6xbkx,-0.07
cw984zs,-0.06
cw989qf,0.02
cw993oc,-0.00
cw99cvo,0.02
cw9a4j7,-0.03
cw9ievw,0.02
cw9jerg,-0.00
cw9kbie,-0.02
cw9kulc,-0.05
cw9lnm9,-0.02
cw9lrpa,0.08
cw9c7m3,-0.08
cw9cjsf,-0.07
cw9dgm4,-0.11
cw9e087,-0.05
cw9i672,-0.06
cw9jnlz,-0.04
cw9kb1n,0.00
cw9kx15,0.01
cw9l9xa,0.03
cw9llgb,-0.02
cwaiygy,-0.12
cwankzi,-0.02
cwaw98i,-0.01
cwaju63,0.02
cwalh32,-0.04
cwalmw1,-0.05
cwalwsa,0.02
cwb7lth,-0.11
cwb7vzh,-0.09
cwb89zr,-0.16
cwb8j8w,-0.08
cwb966l,-0.05
cwb9pnm,0.03
cwbaa9t,-0.07
cwbc59k,0.01
cwbchmw,0.03
cwce4dh,-0.05
cwcfesp,0.06
cwb77ig,0.06
cwb7o0f,-0.02
cwb83bx,-0.09
cwb842d,-0.04
cwb9qv6,0.04
cwbahml,-0.16
cwbasfw,-0.07
cwbbbvq,-0.01
cwbd4w1,0.00
cwbdn3r,-0.01
cwbehww,-0.11
cwbjjwl,-0.02
cwc50s4,-0.05
cwc6z4y,0.02
cwbeqkf,-0.04
cwbex97,0.04
cwbfo8h,0.02
cwbn83y,0.05
cwbnfxl,0.20
cwbmwc2,-0.08
cwbn4yf,-0.05
cwbq8cp,-0.08
cwbrhx0,-0.00
cwbss19,0.02
cwc6whi,-0.01
cwbm0cn,0.02
cwbofa9,0.02
cwbm3qp,0.01
cwbmnri,0.00
cwbnfcg,-0.03
cwbnrir,-0.05
cwbo2tw,0.00
cwbo4g9,-0.04
cwbojb3,-0.07
cwbp0l0,0.01
cwbru0c,0.00
cwbsxse,-0.15
cwby9ou,0.16
cwcap17,-0.00
cwcgnpt,-0.05
cwcmou4,0.02
cwcq6ok,-0.07
cwd0174,0.03
cwd36vj,-0.09
cwd4r8c,-0.08
cwd5czg,-0.17
cwbott5,-0.05
cwbqk4p,-0.00
cwbrptg,-0.00
cwg1w1n,0.02
cwg2qc3,-0.01
cwgcgvt,-0.16
cwglp41,-0.01
cwgpoi5,-0.03
cwh2mmo,-0.10
cwhgvky,-0.03
cwhhpni,-0.01
cwhhynl,-0.08
cwhm1ac,0.07
cwhn08o,-0.20
cwg2z47,-0.16
cwg6uon,0.03
cwg9nwp,0.02
cwg9xl3,-0.00
cwh6p1t,-0.13
cwh7ue7,0.01
cwh7xi0,0.01
cwh86rv,0.04
cwhgcm9,0.00
cwhj3k4,0.00
cwhkpqb,0.00
cwhkse1,-0.04
cwhlrof,0.01
cwhnf7u,0.00
cwhornx,-0.00
cwhovlc,-0.04
cwlp0ez,-0.05
cwh7b8s,-0.11
cwhf5ap,0.02
cwhff92,-0.05
cwhfywc,0.01
cwhg819,-0.05
cwhgd5r,0.15
cwhgpq9,-0.04
cwhh2p8,0.03
cwhhq4z,0.01
cwhi5tc,0.11
cwhibou,-0.10
cwhil8h,-0.07
cwhji3g,-0.02
cwhjmpg,0.00
cwhk0xn,0.02
cwhkbbb,-0.14
cwld3c1,-0.01
cwld6f2,0.04
cwldeue,-0.03
cwldpit,-0.11
cwle0fk,-0.02
cwle28b,0.03
cwle495,-0.07
cwle832,-0.09
cwle8p1,-0.02
cwlecms,-0.02
cwldp06,-0.01
cwldxq7,-0.05
cwle2y3,-0.01
cwlcjw7,-0.03
cwlcqzr,0.06
cwleyd0,0.03
cwlf1b2,0.06
cwllrkm,0.02
cwp2s7c,-0.00
cwp3886,-0.10
cwp3gzo,-0.03
cwp3zc2,-0.10
cwpurvh,-0.05
cwpz3ge,-0.01
cwlc9sp,0.00
cwlccti,-0.00
cwlcqup,0.04
cwlcu18,-0.07
cwlcw83,-0.03
cwlcyrk,0.04
cwldcto,-0.04
cwldr1m,-0.03
cwldu8v,-0.02
cwlefjg,-0.04
cwld1vc,0.02
cwld872,0.02
cwle4hn,-0.00
cwlcgnn,-0.02
cwlco4o,-0.08
cwlfek4,-0.02
cwlfidk,-0.10
cwlfx8p,-0.03
cwljqmf,-0.14
cwlk7l0,-0.02
cwllwe0,-0.01
cwlm71b,-0.06
cwlnqcb,-0.01
cwlx5r5,0.04
cwlxhpu,0.03
cwlxty1,-0.06
cwly6ni,0.00
cwm6fib,-0.07
cwmayo2,0.05
cwlwvk6,-0.01
cwlxdc3,0.04
cwlzx9c,-0.04
cwm0aim,-0.00
cwm0shw,0.02
cwm0x9e,-0.06
cwm27i4,-0.05
cwm5bvl,-0.07
cwm6ti1,-0.09
cwm83yn,-0.01
cwma5dn,0.00
cwmawah,0.02
cwmb05s,0.05
cwmbg19,-0.07
cwlxss4,-0.05
cwm57h2,-0.09
cwm5nhk,0.02
cwm63h3,0.08
cwm84jj,0.06
cwm8fjb,-0.01
cwm9shs,-0.00
cwmbqi4,-0.17
cwm8914,0.02
cwm8bq1,-0.09
cwm8f77,0.02
cwm8rls,-0.00
cwm8yvk,0.01
cwm8zr1,0.00
cwm91iy,0.03
cwm93nx,0.07
cwm9fuh,-0.04
cwm8s8o,-0.04
cwm8vaw,-0.13
cwm8ztv,-0.11
cwm91vb,-0.09
cwm95j9,-0.02
cwm99ai,-0.00
cwm9eua,-0.06
cwm9m08,0.05
cwr0c7y,-0.04
cwr10ix,-0.06
cwr6xm9,0.02
cwraiik,-0.08
cwrmtdp,-0.06
cwrn600,-0.04
cws4m79,-0.11
cwsjhtw,-0.10
cwsx7p3,-0.11
cwszbl4,-0.02
cws3fx8,-0.06
cws96w7,-0.02
cwsb1jh,-0.06
cwsbkk9,0.06
cwsbqey,-0.05
cwsbyvb,0.06
cwrvmjf,-0.03
cwrvtob,0.04
cws1ypc,-0.05
cws2n2d,-0.01
cws2xwg,0.04
cwsmpxa,-0.05
cwsnvld,-0.11
cwsp06j,-0.11
cwrukfh,-0.01
cwrza6a,-0.02
cwrzgna,0.03
cws0otv,-0.03
cws13yq,0.01
cws2ay6,-0.01
cws7bca,0.04
cws7pk0,0.04
cwsff87,-0.07
cwsi3jj,-0.07
cwslxth,0.00
cwtvus9,0.00
cwu0nvg,-0.08
cwse7c0,-0.00
cwseg9z,-0.00
cwsejvr,-0.02
cwselh9,0.00
cwsx1po,-0.02
cwsyg82,-0.01
cwt9stb,-0.01
cwtfx66,-0.02
cwtj2p7,0.08
cwtjxut,0.02
cwtlole,-0.01
cwu19ei,-0.03
cwu1ffz,-0.07
cwuogs6,-0.07
cwuoy7r,0.00
cwupnw6,0.00
cwuptsg,0.04
cwxss65,0.01
cwxt49u,0.07
cwsx3yw,-0.04
cwsykmh,-0.07
cwt0ky2,-0.11
cwtiqqd,0.00
cwts8fq,-0.05
cwu31p2,0.00
cwu6ubx,-0.07
cwubx1x,-0.07
cwuc6y1,-0.03
cwuf5qt,0.03
cwug32y,0.00
cwtijch,-0.00
cwtmdr6,-0.11
cwtmpae,-0.06
cwtp4hu,-0.06
cwtpvlx,-0.00
cwtq0es,0.01
cwtqfzf,-0.04
cwtr3vb,-0.06
cwu8e9k,-0.07
cwu99et,-0.11
cwu9hiy,-0.01
cwuf4vq,-0.01
cwuipnt,0.01
cwul2lj,0.14
cwurx5l,-0.01
cwu8bj1,-0.04
cwua0h8,0.03
cwua95a,-0.04
cwuai3w,0.04
cwuazcl,-0.08
cwucx3e,0.03
cwud18r,-0.02
cwxzu24,-0.07
cwy89vn,0.17
cwxq1tn,0.01
cwxtocy,-0.13
cwyauh3,0.01
cwyb27v,-0.04
cwybrp8,-0.10
cwycca3,-0.09
cwynfm5,0.10
cwyb166,0.02
cwyb5il,-0.06
cx0dtgt,-0.04
cx0f4dp,-0.03
cx0g93l,0.02
cx0ced4,-0.09
cx0frlz,-0.04
cx0g2lp,-0.03
cx0f00z,-0.01
cx0fj6u,0.02
cx0h6xr,-0.17
cx0gl9r,0.03
cx0hyej,-0.05
cx0mpbb,0.06
cx2iu1t,0.01
cx2ktln,-0.04
cx2l1gn,0.01
cx2jt28,0.05
cx2yp6v,-0.02
cx3axtz,-0.02
cx3tqwf,-0.06
cx3tu3x,-0.09
cx3txdl,-0.04
cx3u1jp,-0.14
cx3u4pe,-0.00
cx3ugfx,-0.04
cx3unii,-0.11
cx3v9jj,-0.18
cx3nt4l,0.08
cx3o2sl,0.04
cx3ooa9,0.04
cx3osl7,0.05
cx3oxss,-0.04
cx3ph6d,0.00
cx4yf30,-0.04
cx4yqxx,0.00
cx4yuea,0.02
cx4z2gk,-0.02
cx4z5dh,0.03
cx4vy3t,-0.04
cx4w7t6,0.01
cx4wo7n,-0.06
cx4x1sp,-0.09
cx4ymk1,-0.04
cx88bxy,-0.12
cx8ok7d,-0.01
cx8sggx,0.02
cx8skqr,-0.09
cx8u20d,0.01
cx8uezr,-0.03
cx8wawz,0.04
cx8b54x,0.01
cx8cfat,0.04
cx8duwc,-0.01
cx8grqy,0.01
cx8m5mm,0.01
cx8v91t,-0.03
cx91cuz,0.00
cx95x76,-0.01
cx8zywt,-0.05
cx901yr,0.00
cx90a4t,-0.04
cx90ljf,0.00
cx93996,-0.12
cx948js,0.11
cx94efh,0.02
cx94ofi,-0.03
cx94ybe,-0.15
cx95cl0,0.02
cx95dyf,0.00
cx96ef7,-0.08
cx9iazu,-0.00
cx9irae,-0.13
cx9j16l,-0.03
cx9jds2,-0.05
cx9uiob,-0.06
cx9vl85,-0.13
cxaiybs,0.01
cxajgr6,-0.09
cxamlfz,-0.03
cxa7nx4,0.04
cxag4bg,0.01
cxahbd9,-0.13
cxb26js,-0.07
cxa7vin,-0.07
cxauglu,-0.05
cxauvt5,-0.01
cxbhr4x,0.02
cxbhztw,0.00
cxbj0ri,-0.10
cxbjjon,0.02
cxbjlds,-0.01
cxbjr7e,0.01
cxbjvr9,0.02
cxbhnjy,-0.04
cxbr254,0.04
cxbr78l,0.03
cxbsp4x,-0.01
cxbtm6c,0.07
cxbu0vv,-0.07
cxbu7ti,0.06
cxcj87x,-0.07
cxcq4sj,-0.12
cxcqasb,0.07
cxcqdd9,0.00
cxcqhl1,-0.07
cxctb83,0.00
cxcwz62,-0.06
cxcxxrt,-0.13
cxd1qcz,-0.10
cxd1tja,0.01
cxd2c7m,-0.01
cxd35vx,-0.02
cxcjfcu,-0.01
cxck4yn,-0.03
cxckrsk,-0.04
cxcmnku,0.02
cxcmzm2,0.01
cxco7ew,-0.13
cxcobjl,-0.05
cxcqybo,-0.11
cxd0wlu,-0.05
cxdgigv,0.02
cxdka5q,-0.01
cxdoyul,-0.04
cxeaq6q,-0.02
cxec8iu,-0.06
cxea8qt,-0.01
cxeajmf,0.07
cxh5nzk,-0.10
cxh73c0,0.05
cxhaipq,-0.07
cxhbeqd,0.02
cxhduyt,0.01
cxhnld0,-0.03
cxhnv18,-0.08
cxhre8z,-0.01
cxhuve4,-0.02
cxh7dky,-0.01
cxh7oga,-0.04
cxh80zh,-0.14
cxha2lg,0.03
cxhbkln,-0.04
cxhd9y7,0.03
cxhdbss,-0.10
cxhdvrg,-0.03
cxhel8a,-0.07
cxhygm5,-0.13
cxhz5hi,0.02
cxi0ngq,-0.02
cxi1jmf,-0.00
cxi7f9r,-0.00
cxi7ubl,-0.02
cxi83m7,-0.02
cxigo9h,0.01
cxihw62,0.01
cxhx5dd,-0.05
cxhx8uk,0.05
cxhxdpj,-0.01
cxhxr1u,0.01
cxhxvnq,0.01
cxhy37x,0.04
cxhyiyq,-0.01
cxhz02f,0.07
cxhz863,0.02
cxio81i,0.02
cxisq88,0.03
cxiwnuk,-0.00
cxj057w,-0.08
cxj3niv,-0.06
cxk7bc6,-0.07
cxke1ls,-0.02
cxiqpmf,0.03
cxiqtxc,-0.01
cxiqzgw,0.01
cxirlez,0.05
cxiy7du,-0.01
cxj027i,0.02
cxj09dt,-0.01
cxk452q,-0.06
cxk6lck,-0.09
cxk87ay,-0.09
cxk93bt,-0.07
cxknf0l,-0.04
cxl2vs1,0.00
cxl2zxu,0.00
cxl30yt,-0.03
cxk0yr5,-0.03
cxk17q7,-0.06
cxk1li7,-0.05
cxk24g4,-0.02
cxk29oz,-0.11
cxk3kkf,-0.08
cxk3u4b,0.04
cxol4td,-0.03
cxosypj,-0.13
cxp1d0e,0.02
cxp3rod,-0.01
cxq85pe,-0.11
cxqntnb,-0.07
cxokb2v,-0.04
cxokn7y,0.06
cxokr9y,0.06
cxokxsa,-0.00
cxol9zx,-0.07
cxolcm2,0.01
cxp9aft,-0.09
cxp9jl4,0.00
cxph0dj,0.00
cxphr81,0.02
cxpug64,-0.06
cxq7y0b,-0.10
cxpahuq,-0.05
cxpb4dy,-0.05
cxq2e04,0.01
cxq2m4r,0.02
cxq2o0p,0.04
cxq2pjq,0.02
cxrnw4s,-0.10
cxroauy,-0.08
cxroryu,-0.05
cxrlsqi,-0.11
cxrmq9w,-0.06
cxrrhl5,-0.03
cxrv384,-0.08
cxrwbqt,0.04
cxs1ih2,-0.03
cxro7hx,-0.04
cxry3tc,0.08
cxryifg,-0.05
cxrzem8,-0.00
cxrzn2d,-0.03
cxs7tlc,0.07
cxrmukk,-0.01
cxroe1y,-0.05
cxs4yia,-0.00
cxrm8tf,0.01
cxrorgd,0.00
cxrpewi,-0.05
cxrs31h,-0.07
cxrtwro,0.04
cxrvk1t,-0.04
cxrttq3,-0.11
cxrx1z9,-0.03
cxs5cpq,-0.00
cxs5spp,0.03
cxs6eva,0.05
cxs75ml,-0.12
cxsbhkc,-0.04
cxseaih,0.05
cxsvfe9,0.05
cxtk3q8,0.00
cxtq8yf,-0.02
cxsanpk,-0.05
cxsaskg,-0.00
cxsavyw,0.02
cxsb50l,0.01
cxsbdl2,-0.08
cxu3azi,-0.07
cxu6jfd,0.06
cxu760w,-0.02
cxuktv6,-0.03
cxuqgv8,-0.13
cxxgooe,-0.04
cxxhbkd,0.01
cxxhumc,-0.13
cxxigh7,-0.15
cxxij7c,-0.07
cxv146k,0.02
cxv3rhu,-0.01
cxvage1,-0.00
cxvikii,0.02
cxvmj18,-0.00
cxvmxlc,-0.10
cxvocxz,-0.03
cxvony8,0.05
cxuavii,0.01
cxuc3a2,-0.00
cxuc70g,-0.07
cxuckke,-0.01
cxudwrg,-0.07
cxuemam,0.03
cxufhep,-0.07
cxu8k58,0.06
cxu8wtg,-0.04
cxu9k18,-0.04
cxuazqu,0.03
cxu8n2w,0.01
cxu8yxx,-0.00
cxu94bi,-0.06
cxx5b28,0.01
cxx5e40,0.01
cxx5jda,-0.03
cxx5mz6,-0.03
cxx5o49,0.04
cxx5p8i,0.06
cxx5vl5,-0.03
cxx60xe,0.03
cxx622l,-0.03
cxx66mw,0.06
cxx67lr,-0.04
cxx6aa6,0.00
cxx6cgo,0.00
cxx6mho,-0.11
cxx4vnu,-0.12
cxx558n,-0.00
cxx5ey5,0.03
cxxmslt,0.01
cxxmw5f,-0.07
cxxn8ks,0.00
cxxnf93,-0.02
cxxrhqw,-0.02
cxxurpk,0.02
cxxx287,0.02
cxxxdoo,0.02
cxxzr90,0.02
cxycn79,-0.04
cxyetil,0.01
cxz089i,-0.04
cxz1lad,-0.13
cxz1o8j,0.02
cxz3kf3,0.03
cxycz55,-0.09
cxydcev,0.04
cxydquf,-0.05
cxye2b3,-0.04
cxyeg2u,0.00
cxyhv2o,-0.02
cxzaoj1,0.14
cxzcx7w,-0.07
cxze77s,-0.07
cxzetjc,-0.07
cxzik3h,0.10
cxyqij1,0.14
cxyqx4g,0.01
cxys7ki,0.00
cxysd88,-0.03
cxz0o3g,-0.00
cy1fx83,-0.04
cxyx0vj,0.04
cxyyohg,0.02
cy1839o,-0.04
cy18wsn,0.02
cy1e0ou,-0.07
cy1hapg,0.02
cy1pbj5,-0.12
cy1se46,-0.02
cy1sue3,-0.06
cy1w5uf,-0.01
cy232aj,0.00
cy28k3s,-0.08
cy2fvg6,-0.05
cy18kl8,0.06
cy191h7,-0.01
cy19ftf,0.05
cy1a2sl,0.06
cy1abfm,-0.07
cy1ad69,0.04
cy1am5i,-0.01
cy1aqhq,0.01
cy1i67p,-0.08
cy1isco,0.03
cy1cilt,-0.00
cy1dvib,-0.10
cy1f6ez,-0.05
cy1fzgw,0.00
cy1hiz0,0.00
cy1dr5g,0.02
cy1efpp,-0.01
cy1gzdv,-0.07
cy1htwv,-0.06
cy1ixj9,-0.04
cy2iq30,0.03
cy2rn7y,-0.02
cy270sj,-0.08
cy27g4b,-0.06
cy2z7ah,0.01
cy36tgf,0.00
cy2y2sg,0.01
cy2yk3c,-0.06
cy36pd5,-0.03
cy3v9gh,-0.02
cy40l3h,0.03
cyb96o5,0.02
cybfet4,-0.00
cyc303s,0.02
cyc364s,-0.02
cyc3eqw,-0.01
cyc3itb,-0.03
cyc4f3e,0.03
cyc4pv6,0.05
cyc4rpi,0.04
cy2wlda,0.05
cy2wx7c,0.03
cy2wicd,-0.03
cy2wveh,0.01
cy2x4e3,0.01
cy2x871,-0.15
cy2xdik,0.02
cy2xps9,0.00
cy2xt2p,-0.10
cy2y003,0.02
cy2y777,-0.01
cy2yamn,0.00
cy2yjya,0.01
cy2yvz5,0.02
cy3wqyb,-0.05
cy3xdrp,-0.08
cy3y258,-0.12
cy3ygzr,-0.05
cy42n3y,0.02
cy42sw2,-0.04
cy3igb4,0.03
cy4ihmu,-0.03
cy4pj5f,-0.09
cy4q1zs,-0.07
cy4qnlo,0.02
cy6pprk,0.01
cy6x3c6,-0.07
cy6x5k9,-0.04
cy6xjoy,-0.03
cy6xsm9,-0.07
cy6y6wg,-0.01
cy6yenx,0.01
cy6yrba,-0.01
cy6jx5n,-0.00
cy6jzg5,-0.05
cy6m8k7,0.02
cy6rzm6,-0.00
cy6tdon,-0.09
cy6k0ph,0.03
cy6mtwe,0.02
cy6syby,0.07
cy6t21u,-0.02
cy6u3il,0.06
cy6upnz,0.02
cy6v7pl,-0.01
cy6ydvk,0.01
cy6ledz,-0.00
cy6lm3u,-0.04
cy6midh,0.01
cy6myhe,-0.12
cy6nfq3,-0.02
cy6xfe2,-0.02
cy70hjp,-0.15
cy7is9u,-0.02
cy6x6kp,-0.11
cy75rzw,-0.04
cy75x5c,-0.09
cy76i5w,-0.05
cy706it,-0.11
cy70yjc,-0.07
cy71i5t,-0.01
cy6yq91,-0.00
cy70sk1,-0.04
cy71ur3,-0.02
cy78bnm,-0.02
cy7iqok,0.01
cy7jaas,-0.02
cy7o02t,-0.06
cy7o9kj,0.00
cy79c3e,0.06
cy7a5dt,-0.00
cy7a9ih,0.03
cy7b47p,-0.06
cya2yfv,0.02
cya321d,-0.05
cya389s,-0.01
cya6lfs,-0.11
cya707z,0.06
cya86bp,-0.10
cya9ra3,-0.09
cyaqv3c,-0.07
cyb2f8r,0.03
cyb2uue,0.03
cyb3cgr,0.01
cybbjm2,0.03
cya2e89,-0.04
cya316u,0.00
cya37ls,-0.07
cya3ad3,0.00
cya3bml,-0.02
cya3jit,0.03
cya3kri,0.07
cya3ud7,0.05
cya46ut,0.07
cya4jsc,0.02
cyajl5b,0.15
cyehpco,-0.04
cyaol75,0.03
cyaoubw,0.04
cyb3mk8,-0.02
cyb4ohr,0.01
cyb6e1u,-0.02
cyb6j7d,0.00
cyb6mh9,-0.11
cyb44ot,-0.04
cyb4mqu,0.02
cyb54ri,-0.01
cyb5d6u,0.02
cyb5llt,-0.01
cybs2kn,0.04
cybwc90,-0.03
cyby2g8,0.02
cyby80m,0.03
cybsog8,-0.02
cybtjht,-0.07
cybwejq,-0.11
cybwmih,-0.02
cybxhhm,-0.09
cycc4wn,-0.05
cycg9vk,-0.17
cybw0qw,0.01
cybwg6v,-0.00
cybwon1,-0.07
cycmek7,-0.00
cyco8bz,-0.03
cyctreu,0.14
cycug0c,0.02
cyckq4s,-0.17
cyd60l7,-0.07
cyd6565,-0.04
cyd67tl,-0.05
cycvyls,-0.04
cycy997,0.02
cycyrw1,0.04
cyd1f9g,-0.09
cydhwdw,0.01
cydicee,-0.07
cycsr2p,0.01
cycsxkk,-0.05
cycuru8,0.03
cycwvg4,0.01
cycwxza,-0.02
cycx8cq,0.03
cyctiru,-0.13
cycw7oy,-0.04
cycwkc9,-0.00
cycww28,-0.00
cyctk7g,-0.04
cycu0g4,-0.06
cycuqi9,0.05
cycvleb,0.01
cydsuyg,-0.07
cydszda,-0.13
cydvb58,-0.07
cydxiz7,-0.09
cydynme,0.05
cydzany,0.04
cydtsqk,-0.14
cydwpmn,-0.05
cydwyb0,0.00
cydyb0p,0.00
cydyrrq,0.05
cye06fv,0.00
cydxfp4,-0.07
cye3sda,0.01
cye44g5,-0.00
cye4sv3,-0.04
cyhjhva,-0.04
cyi0w3e,0.01
cyi96or,0.02
cye4ghn,-0.06
cye6e7y,0.06
cye990v,0.14
cyevant,0.05
cyevwgy,-0.01
cyewp6u,-0.14
cyffvrw,-0.08
cyjqrsf,-0.06
cyjr5p7,-0.02
cyjru23,0.04
cyjnxde,-0.02
cyjoeek,-0.02
cyjs85h,-0.02
cyjv1lo,-0.00
cykz13q,-0.11
cykz7qx,0.00
cykzglv,-0.15
cyl3n7y,-0.14
cylanql,-0.09
cylozzn,-0.06
cyjscfp,-0.05
cyjullu,-0.04
cyjuxac,-0.10
cyjyu20,0.03
cyjyxxr,0.00
cyk2qqo,0.00
cyk4mtq,0.00
cyk5bbt,-0.06
cymnc0u,-0.11
cymqndc,-0.13
cymrb23,-0.05
cymt5xz,-0.08
cymu3tl,-0.10
cymlffx,-0.06
cymndbr,-0.02
cymt27i,0.00
cymt7q1,-0.06
cymu4l7,0.06
cyo0dei,0.01
cynfrcu,-0.03
cyng2ui,0.05
cyngm1d,-0.06
cynmpct,0.01
cynvv80,0.04
cyo4zsn,-0.13
cyo8mvj,-0.12
cyob0jn,-0.17
cyojt5h,0.02
cyokuak,-0.14
cyol3w7,-0.06
cynfxwx,0.01
cynu2ph,-0.02
cynvism,-0.09
cyo2wz1,0.02
cyo5apx,0.01
cyo5e2z,0.01
cyo5lph,-0.06
cyo5rzn,-0.06
cyo63s3,0.01
cyqh01q,0.02
cyqh151,0.01
cys9xnl,0.01
cysac2e,-0.02
cyshwie,-0.05
cysj01x,0.03
cysj8t8,-0.05
cysk2vc,0.01
cyslbuz,0.02
cyslw2z,-0.09
cysm6pl,-0.11
cys8hqq,-0.05
cysaf8l,0.03
cysaqel,0.01
cysb7gb,-0.01
cysbk7r,-0.02
cysbtqk,-0.01
cysd2ts,0.01
cysh3hj,-0.02
cysidjs,-0.08
cyvs09g,-0.09
cyvsefh,0.05
cyvui19,0.01
cyvus1y,0.04
cyvva15,-0.15
cyvzwn9,0.03
cyw7yot,-0.11
cywhpnd,0.03
cywj6kc,-0.06
cyx1js3,-0.02
cyvs2j8,-0.05
cyvsqef,0.03
cyvt8jo,-0.04
cyvwjkb,-0.04
cyvwuv9,0.04
cyvx1y3,-0.00
cyvxmca,0.04
cyvxumk,0.06
cyvzgxd,0.04
cyvwpa8,0.00
cyvzbme,-0.00
cyvzq6t,-0.06
cyw01wy,0.01
cyw0kh2,0.02
cyx5fb3,-0.01
cyx6ckk,0.02
cyx6n9d,-0.00
cyx70t2,0.04
cyx769w,-0.02
cyx7bl6,0.01
cyx7ojw,-0.06
cyx8q20,-0.03
cyx8v3y,-0.06
cyx9y1h,-0.03
cyxdjnz,-0.05
cyx5wnn,-0.15
cyx65vn,-0.01
cyx6csy,-0.05
cyx6fpb,-0.05
cyx6x46,-0.06
cyx7n1b,-0.00
cyx7vdg,0.01
cyx8k5r,0.01
cyx8zp4,0.02
cyx9uw0,0.03
cyxe5qa,0.02
cyxe7lq,-0.09
cyxeifz,0.04
cyx58tx,0.00
cyx5rup,0.01
cyx63t9,-0.06
cyx6uxb,0.03
cyx73ta,-0.12
cyx7hu9,0.03
cyx7qxs,0.08
cyx8lw5,0.01
cyx8r20,0.02
cyxa1wz,0.02
cyxeb0v,0.03
cyx597p,-0.11
cyx5pur,0.04
cyx6bxd,-0.05
cyx6lrn,-0.01
cyx6to0,-0.09
cyx6yk8,-0.10
cyx7b1s,0.00
cyxabgw,0.00
cyxdbxc,0.02
cyxdtqd,-0.00
cyxeq54,-0.06
cyxf9l1,0.01
cyxfbyv,-0.09
cyxfs02,-0.00
cyxfxx9,-0.07
cyx6ow6,-0.07
cyy8oka,-0.00
cyyadxt,-0.11
cyybg6r,-0.04
cyybqxi,0.03
cyx5nl0,0.02
cyx5y93,-0.10
cyx6g1l,-0.05
cyxwpxs,-0.13
cyxxtur,-0.07
cyy3cvk,-0.09
cyy51gn,-0.11
cyy5has,0.04
cyy63mu,-0.09
cyy67jd,-0.05
cyy6f2n,-0.03
cyxw85b,0.01
cyxx9u8,0.05
cyxylej,-0.17
cyxyv12,0.06
cyy0k3m,-0.08
cyy3yce,0.05
cyy4tof,-0.16
cyy2fwg,0.04
cyy6j0l,-0.01
cyy788k,0.04
cyy81aa,-0.03
cyy8kva,-0.04
cyy8ue1,0.00
cyy94b4,0.02
cyy9bzl,0.05
cyy9f11,-0.09
cyy9lml,0.03
cyy9qqc,-0.04
cyy38y4,-0.12
cyy40vh,-0.04
cyy4pcv,0.03
cyy56ei,-0.02
cyylm0e,0.02
cyymciv,0.02
cyymhx8,-0.00
cyymrcg,-0.00
cyyar4s,-0.10
cyydib5,-0.04
cyyrlgk,0.01
cyysl2u,0.01
cyytjz4,-0.08
cz0aea8,0.11
cyyfuyh,-0.10
cyysl48,0.02
cyyt9ef,0.03
cyyv6f6,0.02
cyyvcg2,-0.06
cyywcu0,0.05
cz1tuei,0.02
cz1u13l,-0.08
cz1wup8,0.05
cz20djk,-0.06
cz21oe9,-0.05
cz282mv,-0.04
cz287ai,-0.00
cz1updp,0.05
cz1v09s,0.01
cz1vqv6,0.09
cz21hua,0.02
cz22iu6,-0.00
cz1tzsr,-0.14
cz1wgvm,0.02
cz21my8,0.02
cz270s8,-0.00
cz27kip,0.03
cz1y5ee,-0.03
cz1ycvm,0.03
cz1yis2,-0.01
cz2iuxx,-0.10
cz2j3xx,0.00
cz2j9z2,-0.03
cz2jd2w,0.04
cz2jih5,0.01
cz2jn5c,-0.10
cz2jovf,0.01
cz2jqct,0.02
cz2jthk,0.01
cz2eqm9,-0.04
cz2f7y2,-0.02
cz2fat0,-0.02
cz2fonp,-0.04
cz2fzvc,-0.01
cz2qbo8,0.05
cz2s3gk,0.02
cz2vmif,-0.07
cz2y1xq,0.02
cz2z956,-0.07
cz314a0,0.01
cz31l2u,-0.06
cz33rbi,0.01
cz3a1a8,0.04
cz3dcsc,-0.03
cz3dgbo,0.01
cz3dszw,-0.10
cz3dv5n,0.03
cz3e0kn,-0.04
cz2pcn2,0.01
cz2tnzh,-0.07
cz32k9j,-0.05
cz33eoz,-0.07
cz36kvc,-0.02
cz3fn83,-0.02
cz3ielm,-0.00
cz3qp5z,-0.01
cz3r8xb,-0.04
cz3rh7u,-0.03
cz3rlbm,0.01
cz3rm20,0.01
cz3s01l,-0.03
cz2q8c3,0.03
cz32f9c,0.02
cz3f66c,0.00
cz2r8ig,0.00
cz2scnp,-0.02
cz2sr79,0.01
cz2sydz,-0.03
cz2xwvd,-0.04
cz2z7pc,-0.16
cz30cc2,-0.05
cz30l84,0.14
cz3149h,-0.00
cz352ka,-0.08
cz37qzm,0.03
cz38a05,-0.09
cz3927w,-0.06
cz39j7w,-0.08
cz39zcn,-0.04
cz2sh4x,-0.01
cz3frip,-0.02
cz3qgtt,-0.09
cz3qhxf,0.01
cz3qlhg,0.07
cz3qrpb,0.03
cz3quod,-0.00
cz3qxtl,-0.13
cz3r7gv,-0.06
cz3rk7e,-0.06
cz3sswr,-0.05
cz2pfi5,-0.12
cz2pjjd,0.02
cz2rx8w,-0.08
cz3rjhn,-0.09
cz3rwcw,-0.16
cz3sd6s,-0.02
cz3svxx,-0.02
cz3t71y,-0.16
cz40ozv,-0.15
cz3qviv,0.04
cz3r1ud,0.06
cz3r6qx,-0.07
cz3rdn2,-0.02
cz3rhrx,-0.02
cz3rqga,-0.07
cz4k8ia,-0.14
cz4ldx9,-0.02
cz4lkdm,-0.01
cz4o0e9,-0.09
cz6l746,0.02
cz6lta6,0.00
cz6o6tu,-0.00
cz6ojt3,0.03
cz8v8bh,0.01
cz6m53i,-0.02
cz8u31w,-0.02
cz9qp0d,-0.07
cz9r1fl,-0.01
cz9r7sr,-0.06
cz9rbkp,0.00
cz9sc8p,0.08
cz9skgt,-0.01
cz9r4sm,-0.02
cz9r770,0.02
cz9r8c5,-0.13
cz9rd26,0.00
cz9rdxk,-0.11
cz9rk18,-0.00
cz9rnmn,-0.10
cz9rwot,0.01
czalxej,-0.00
czaobm7,-0.13
czar73j,0.06
czarxsr,0.04
czaxoq2,-0.01
czajlh3,-0.09
czao6w8,0.07
czao9o6,-0.11
czaohvk,-0.07
czaoltf,-0.04
czbfq1m,-0.01
czbq9ch,0.01
czbvd3t,0.02
czc8wzr,-0.02
czc9077,-0.01
czc9jl7,0.00
czc9lak,-0.01
czc9rfl,-0.06
czc9vdi,-0.07
czbh301,-0.06
czbhv7a,-0.05
czbiirl,-0.16
czbiqx4,-0.12
czbj6gg,-0.11
czbvh9t,-0.04
czc40sk,0.02
czc8wwp,-0.05
czcyhgz,-0.05
czcyyge,0.01
czd1hgo,0.08
czd3l0c,0.01
czdb6sw,-0.11
czdf9iy,-0.11
czgwxuz,-0.16
czbidnk,-0.02
czblhg8,-0.00
czboar2,0.07
czbp28b,0.05
czbqbyf,-0.08
czbvcbs,-0.07
czbwtdz,-0.05
czcmg4k,-0.09
czbg2pc,0.02
czbgaq4,-0.07
czbhfro,0.00
czbhk9p,0.01
czbi45u,-0.00
czbic79,0.02
czbik20,-0.12
czc25m2,0.03
czc3fsk,-0.12
czc3oew,-0.04
czc4asz,0.01
czc4l9p,-0.01
czc4vxd,0.05
czc5d6u,0.01
czc5jdi,-0.06
czc5pns,0.00
czc5yvf,0.04
czc65ut,-0.04
czc6izb,0.11
czc6qbs,0.01
czc0ul8,-0.09
czc15ez,0.03
czc57v6,-0.11
czc59ko,0.00
czc5ohs,-0.02
czc5vze,-0.00
czc6gqr,0.02
czekfly,0.02
czelafl,-0.02
czfvw4c,-0.13
czfxnpb,-0.07
czfzmf0,0.00
czg0wmr,-0.01
czg0zbz,0.00
